wallet_address,timestamp,transaction_hash,from_address,to_address,value_eth,gas_price,gas_used,is_error,transaction_type
0x58b6a8a3302369daec383334672404ee733ab239,2019-02-07 00:03:19,0x75af2a861c20329d076940bdf2f0f0d48591247adab9a50bb3de4e7694a35863,0xf259e746ece2def13b421a26d2a6f24027f4974d,0x58b6a8a3302369daec383334672404ee733ab239,0.0,7.0,37285.0,False,incoming
0x58b6a8a3302369daec383334672404ee733ab239,2019-02-07 00:04:58,0x8cd9b496e75bb70fa05cca9972a92f96f18fe52da3623002630ff599fd01e948,0xd168067288c6f388a861929ceac89e5d952ab13b,0x58b6a8a3302369daec383334672404ee733ab239,0.0,3.0,47169.0,False,incoming
0x58b6a8a3302369daec383334672404ee733ab239,2019-02-07 00:08:28,0xf983496d41fafbdf51756bcaa4d6dc6c372f49a4f11043e5731d68f59f2c6284,0x8b9395ef9d5bfa3d37e8639b2c81a613be2e39a9,0x58b6a8a3302369daec383334672404ee733ab239,0.0,5.04,22285.0,False,incoming
0x58b6a8a3302369daec383334672404ee733ab239,2019-02-07 01:01:49,0xd4b82a0f06823dd7ce9941e17c9457cfd0e31d33a4b5884a57f868af0696d893,0x13ef0ba91df06e789cfddc8c72c704948242c801,0x58b6a8a3302369daec383334672404ee733ab239,0.0,1.1,52221.0,False,incoming
0x58b6a8a3302369daec383334672404ee733ab239,2019-02-07 01:01:49,0x08bf5c812b52707a317c1cdabb0d2d2c9ab88af873727cefc6faec324eba8cfc,0x13ef0ba91df06e789cfddc8c72c704948242c801,0x58b6a8a3302369daec383334672404ee733ab239,0.0,1.1,52157.0,False,incoming
0x58b6a8a3302369daec383334672404ee733ab239,2019-02-07 01:03:31,0x96bfaf3667664be6dcb2d2a4e5a90613b933aa2409d87e8bf0791fa46df422d9,0xfd2418617b08030afb197f64ec6325673b539f7c,0x58b6a8a3302369daec383334672404ee733ab239,0.0,7.0,37285.0,False,incoming
0x58b6a8a3302369daec383334672404ee733ab239,2019-02-07 01:10:24,0xb24ce14de8028316840efbda2b3aae0a3682be7ae688e4de070f62f3f63966c9,0x86a8931b18cfa6a552d68f2c04e746a369553fb2,0x58b6a8a3302369daec383334672404ee733ab239,0.0,16.0,45697.0,False,incoming
0x58b6a8a3302369daec383334672404ee733ab239,2019-02-07 01:18:10,0x4abf51f8b6a6fd00bbf05ccbffccf5ff4c804b463dbc761e84ead2223cc3b957,0x74091f7892eca6c1e5014dabb2865a28259cbbfa,0x58b6a8a3302369daec383334672404ee733ab239,0.0,8.0,37285.0,False,incoming
0x58b6a8a3302369daec383334672404ee733ab239,2019-02-07 01:21:29,0x954ffcfcf0ccef70eef9839ed8b52df4faaef18461122155cae7c33304950d3f,0x3c0b5246b84d419523f16df2de9e490fe82e311a,0x58b6a8a3302369daec383334672404ee733ab239,0.0,1.0,45697.0,False,incoming
0x58b6a8a3302369daec383334672404ee733ab239,2019-02-07 01:47:32,0xb629d2f48e8d1dd899622777b19082ec0617bb4ba01ebc25cebcc4003c9f888a,0x6dcfe076f96a3dc4ea32aaebd8ddefab39c8e1ae,0x58b6a8a3302369daec383334672404ee733ab239,0.0,9.72,22285.0,False,incoming
0x58b6a8a3302369daec383334672404ee733ab239,2019-02-07 01:59:47,0x495e0462ddcf922706f22be9561ccb7727abb7952a98bec0408cdfc20bb8c94f,0x2233b56797e2b8c912d492044146fdb77238a374,0x58b6a8a3302369daec383334672404ee733ab239,0.0,6.0,37221.0,False,incoming
0x58b6a8a3302369daec383334672404ee733ab239,2019-02-07 02:09:04,0x4ffec6e96569627e876a2cd8b7b289689cabf815aff105c009dcb9f286427a13,0xa1767432be4a64eda1372f443b74eef0e508da11,0x58b6a8a3302369daec383334672404ee733ab239,0.0,4.0,45505.0,False,incoming
0x58b6a8a3302369daec383334672404ee733ab239,2019-02-07 02:17:15,0xe699f2c6dff78eb6558528412b3a4f0a9d5ccf6ccecf05a9b6c0cb2ae431ab2a,0x6118d17419e2863ee78be75edd2417e7e71bfdf5,0x58b6a8a3302369daec383334672404ee733ab239,0.0,21.0,37285.0,False,incoming
0x58b6a8a3302369daec383334672404ee733ab239,2019-02-07 02:20:41,0x8feb96fb6bdebcc096a300626d4745d2c96a28914a6ac73b0524f58c344da9ba,0x0be2af2f7fa0512dc8ccffdad7cc105a74d6d658,0x58b6a8a3302369daec383334672404ee733ab239,0.0,4.5,22221.0,False,incoming
0x58b6a8a3302369daec383334672404ee733ab239,2019-02-07 02:27:27,0x32148dc2e6da7b8c5d23268997f56f53d9f6ad8910ce39db44496740d8d8db8d,0xc9502a219fa9860e5d0f44b4124b279014bec044,0x58b6a8a3302369daec383334672404ee733ab239,0.0,41.0,37285.0,False,incoming
0x58b6a8a3302369daec383334672404ee733ab239,2019-02-07 02:31:51,0x72fc30036d73021d40def75775ef66e5c2f2fb9460adad313e85d086f726b26f,0xdd2077a56c6f0f7b219892ff0e3ee16712898079,0x58b6a8a3302369daec383334672404ee733ab239,0.0,5.0,37349.0,False,incoming
0x58b6a8a3302369daec383334672404ee733ab239,2019-02-07 02:41:16,0xd113179934c87d59b3d3fc9885ae7f8f8de954979dfd25b4442d152e067fa4e0,0x83e81d747529f0eb6145b149c438ab7f9bbd651c,0x58b6a8a3302369daec383334672404ee733ab239,0.0,16.0,45697.0,False,incoming
0x58b6a8a3302369daec383334672404ee733ab239,2019-02-07 02:51:02,0xc739c032dfda9b7e949576ebf53a90aab854db6ee9b66622e2a098f4228e7e23,0x0be2af2f7fa0512dc8ccffdad7cc105a74d6d658,0x58b6a8a3302369daec383334672404ee733ab239,0.0,4.5,22349.0,False,incoming
0x58b6a8a3302369daec383334672404ee733ab239,2019-02-07 03:05:18,0x0258cbfc3ace7095a582052974758551134024dc3d7f4bcb441a78bb33b71f79,0x678f60c60a543c4e0ed2cf5b834b6e0a497dc456,0x58b6a8a3302369daec383334672404ee733ab239,0.0,10.0,45697.0,False,incoming
0x58b6a8a3302369daec383334672404ee733ab239,2019-02-07 03:38:51,0xa050702336284a9377f950ba46a7dbe38bc865ce6edf2206c08b81e381137219,0x59d977c83932ae3990a55fce45caf5be1051e204,0x58b6a8a3302369daec383334672404ee733ab239,0.0,5.865,37285.0,False,incoming
0x58b6a8a3302369daec383334672404ee733ab239,2019-02-07 04:43:46,0x7e887ae86c09db7015d75614cfeb1b864d4651de88abc08f0a3bb81b9492b82f,0xe41b4cecce8cc7f1ded5e284dbd2d1ced9992003,0x58b6a8a3302369daec383334672404ee733ab239,0.0,5.28,22285.0,False,incoming
0x58b6a8a3302369daec383334672404ee733ab239,2019-02-07 04:50:30,0xb480b26b6d36cc50d4e2eb256f54e27a2609903d45da294e7b95e6a35dd1e84d,0x948cac8068ed97fe88f981feaad0b076a34f48fb,0x58b6a8a3302369daec383334672404ee733ab239,0.0,4.0,45569.0,False,incoming
0x58b6a8a3302369daec383334672404ee733ab239,2019-02-07 04:50:30,0x80aad4faabfaff142897bed99d4926fac509d25593c700b2ce50bdf01c4bae2f,0xbdc6dc0d475d5c3aba4949d480cbe616d76af29b,0x58b6a8a3302369daec383334672404ee733ab239,0.0,4.0,45633.0,False,incoming
0x58b6a8a3302369daec383334672404ee733ab239,2019-02-07 06:07:18,0xa66016ee73ec18f0a609c7fa9c034487113428e9780102f4ccfd2f9eae014448,0x47d6d4612f20f759c15f6249105dc792374f6cca,0x58b6a8a3302369daec383334672404ee733ab239,0.0,41.0,37285.0,False,incoming
0x58b6a8a3302369daec383334672404ee733ab239,2019-02-07 06:21:59,0x472c22aa68957cf708c62d5319b318d212455a5fb9dad1487d8580e0fbd9412c,0xca542061e8757e7a3ad18b3c758c0fdaaaca93c0,0x58b6a8a3302369daec383334672404ee733ab239,0.0,10.0,37157.0,False,incoming
0x58b6a8a3302369daec383334672404ee733ab239,2019-02-07 06:22:36,0xda1f6644617c2ec98b1e5eeb5257cff9ad1553eaf05059d8bb45bad9f9f4479a,0x28b54fa6fbd87ce560484deb6d750d2fff243552,0x58b6a8a3302369daec383334672404ee733ab239,0.0,9.6,22285.0,False,incoming
0x58b6a8a3302369daec383334672404ee733ab239,2019-02-07 06:25:07,0xe765ae71f8c4f3fed385e3156f15b110fe95b79a06dd495d8935dc3ff000bb7e,0xa2f57cc46a5268f16a0224a81ede7154218ce890,0x58b6a8a3302369daec383334672404ee733ab239,0.0,5.45,47169.0,False,incoming
0x58b6a8a3302369daec383334672404ee733ab239,2019-02-07 06:29:57,0x91df71e72108d8fc3b4d72e231e6eeb753344fc60e12dcc13e6807f5d256591e,0xe50fc9bf06acf047923fcff9686d06c2aa27354d,0x58b6a8a3302369daec383334672404ee733ab239,0.0,4.0,37221.0,False,incoming
0x58b6a8a3302369daec383334672404ee733ab239,2019-02-07 06:30:26,0xf489035fb8db61487263a0cbc1b0a25fe12f18efd2a95acc7028d2a8420a29d0,0xf43b9231445a0c2e6b777499ae3fb352984a48d2,0x58b6a8a3302369daec383334672404ee733ab239,0.0,4.0,22221.0,False,incoming
0x58b6a8a3302369daec383334672404ee733ab239,2019-02-07 06:40:32,0x1e84fae9ff47e60d4bdb40229e01a6edc36f207da1fe8bd915f2b9832b0d891a,0x0be2af2f7fa0512dc8ccffdad7cc105a74d6d658,0x58b6a8a3302369daec383334672404ee733ab239,0.0,6.0,22285.0,False,incoming
0x58b6a8a3302369daec383334672404ee733ab239,2019-02-07 06:40:32,0x7111a09e6bf9e704e1efc144973f4fa580f0244f82871057d1466ed162664c9a,0xcf391bf7a6bb0fd4af621bd92b0a282a07f7e4db,0x58b6a8a3302369daec383334672404ee733ab239,0.0,4.0,45633.0,False,incoming
0x58b6a8a3302369daec383334672404ee733ab239,2019-02-07 07:06:26,0x5eef9c3198dc9430bbf656edb30a61656103962b425bb7de9dcf89a7e87feadd,0xf1c3392714f13375c1c4324f38a220694308644e,0x58b6a8a3302369daec383334672404ee733ab239,0.0,3.0,45633.0,False,incoming
0x58b6a8a3302369daec383334672404ee733ab239,2019-02-07 07:06:26,0x4975daff283121564bdfe07c1f9d3803c614241b0864603e8064a65bf279892d,0xefde7894e63175d76fd562fba3f1dff1c85eb3f2,0x58b6a8a3302369daec383334672404ee733ab239,0.0,3.0,45697.0,False,incoming
0x58b6a8a3302369daec383334672404ee733ab239,2019-02-07 07:07:47,0xfd1adba942737ee2593df58eaecf892a144641300d10f29b0850daf9beadef7a,0x9535fce251494f52aa7240505ead5fbebcd5aad6,0x58b6a8a3302369daec383334672404ee733ab239,0.0,3.0,45697.0,False,incoming
0x58b6a8a3302369daec383334672404ee733ab239,2019-02-07 07:07:57,0xa1ca25a5ca348ce5858c828196f320d4e272f8720949116090e584afb54204e9,0x2b66aff7b01000df6d988ed9c920fd8db97345cc,0x58b6a8a3302369daec383334672404ee733ab239,0.0,16.0,45761.0,False,incoming
0x58b6a8a3302369daec383334672404ee733ab239,2019-02-07 07:17:09,0xfea1697dbf4244bfc2f682e20ed708bee437b4bbc25444d8283eac97a66c1ea8,0x90a5c4fffe9f5bbc552cab632d2c8badf1aabc35,0x58b6a8a3302369daec383334672404ee733ab239,0.0,3.0,45697.0,False,incoming
0x58b6a8a3302369daec383334672404ee733ab239,2019-02-07 07:47:53,0xa1bd222d3de8fb735b8d538705444b4cc943a67d2bab93eab475969c99355226,0xdd2077a56c6f0f7b219892ff0e3ee16712898079,0x58b6a8a3302369daec383334672404ee733ab239,0.0,10.0,37349.0,False,incoming
0x58b6a8a3302369daec383334672404ee733ab239,2019-02-07 07:48:48,0x6eadee25ad181e6cb065486bc1b80ea122d53c63d9da0713298032a49737a642,0x48772dc8bc44868f5ca5a4598b09a13050d3e7f9,0x58b6a8a3302369daec383334672404ee733ab239,0.0,41.0,22221.0,False,incoming
0x58b6a8a3302369daec383334672404ee733ab239,2019-02-07 08:00:23,0xf0c751330d2d0924c6a6c81053160193ff0301876d22b3694a3e45738ad8554f,0x0be2af2f7fa0512dc8ccffdad7cc105a74d6d658,0x58b6a8a3302369daec383334672404ee733ab239,0.0,4.5,22349.0,False,incoming
0x58b6a8a3302369daec383334672404ee733ab239,2019-02-07 08:05:45,0x15e98f71812c3d14b393e13098aef1c61b6c015265530658d72fb2f53d52e799,0xcd11113dd5a12b2df60bc5974e809e7c8b956b44,0x58b6a8a3302369daec383334672404ee733ab239,0.0,3.0,22285.0,False,incoming
0x58b6a8a3302369daec383334672404ee733ab239,2019-02-07 08:10:25,0xcc13296f92e05197d311c5a2c94d87679227b14143188e7efca0515a2183e572,0x8c4358122540bab7a68a15b54c88b134ea4c72a0,0x58b6a8a3302369daec383334672404ee733ab239,0.0,3.0,22285.0,False,incoming
0x58b6a8a3302369daec383334672404ee733ab239,2019-02-07 08:15:34,0xde0efb91bb7cac8cb3c3c1eb83bae02dc923ee83a6d1ecb0900b754f6b61dc8c,0x13df6081ddc9bd442b254bf212d0be1d3d7f8152,0x58b6a8a3302369daec383334672404ee733ab239,0.0,3.0,45697.0,False,incoming
0x58b6a8a3302369daec383334672404ee733ab239,2019-02-07 08:31:20,0x14339fd872c4d38e75e52c4b33c9392b9986bbdac2286d019ecfd96b569f94af,0x08280a99b3d033ec6d3bea6b5668b3752d41a047,0x58b6a8a3302369daec383334672404ee733ab239,0.0,16.0,45761.0,False,incoming
0x58b6a8a3302369daec383334672404ee733ab239,2019-02-07 08:33:47,0xb7fd428069d64d39df1347b9cd56a3f86244bff70d06ae6d7992cf91a0ce4adb,0x03ebc2895c3aa91b56a24f2dc7636c4b392a0624,0x58b6a8a3302369daec383334672404ee733ab239,0.0,4.0,45569.0,False,incoming
0x58b6a8a3302369daec383334672404ee733ab239,2019-02-07 08:38:03,0xb3861ab9c14b1ea3792ced36defd8995a82604544cc2bbebe550f20028487ab2,0xe5a0ef3ff00e9843f8578419150f87d870ce3d9b,0x58b6a8a3302369daec383334672404ee733ab239,0.0,2.0,37285.0,False,incoming
0x58b6a8a3302369daec383334672404ee733ab239,2019-02-07 08:39:57,0xebeb95e950996e023864e1536d60a2c7c4d7dc9ba115c1b482456baa65697358,0x396a86cdf6ff7f04e08461974610671303d7c008,0x58b6a8a3302369daec383334672404ee733ab239,0.0,16.0,45697.0,False,incoming
0x58b6a8a3302369daec383334672404ee733ab239,2019-02-07 08:45:49,0xfc2b8efc7e50e91225e4fa18f23b4a3a22e2b74fcc8778ddedf7b0a7e4859500,0x225103715ab26f6579ef0d391e7764f95e547528,0x58b6a8a3302369daec383334672404ee733ab239,0.0,7.2,37285.0,False,incoming
0x58b6a8a3302369daec383334672404ee733ab239,2019-02-07 08:55:33,0x584f011b0fb7b6f6b0b53b65e3d504d9e2f9e1244c11159661f5272ea5f73084,0xc627230cb935434b179f20ebfeffe81d621114eb,0x58b6a8a3302369daec383334672404ee733ab239,0.0,3.0,45569.0,False,incoming
0x58b6a8a3302369daec383334672404ee733ab239,2019-02-07 09:28:50,0xd90c157c6339f5365b342de1c302ffecc69c06d8e9bf72c71c5e3f971163c88b,0xe20e3b383169407f629884c2224def55dff2f7a2,0x58b6a8a3302369daec383334672404ee733ab239,0.0,58.0,37285.0,False,incoming
0x58b6a8a3302369daec383334672404ee733ab239,2019-02-07 09:35:48,0x2793d9bf2ed0b1d0592157b1ab960380f1915b579a0c1fc5d62a80af3a1033fa,0x9396b1ccf0ad10aae71e0c76ed3ffde44c4a0c4f,0x58b6a8a3302369daec383334672404ee733ab239,0.0,41.0,37221.0,False,incoming
0x58b6a8a3302369daec383334672404ee733ab239,2019-02-07 09:36:49,0xc84835bfb566831397858f3a95d99b1a76fe5d756dd414201811ce2c73d15444,0xf292c911a5363f2093a42cbafe2e6fa094bccc17,0x58b6a8a3302369daec383334672404ee733ab239,0.0,16.0,45697.0,False,incoming
0x58b6a8a3302369daec383334672404ee733ab239,2019-02-07 10:01:29,0x3580852cff3c2a2df2a9ce6f283bc6a2353a6abae25410b786e972c48a1a3a77,0xe50fc9bf06acf047923fcff9686d06c2aa27354d,0x58b6a8a3302369daec383334672404ee733ab239,0.0,4.0,37221.0,False,incoming
0x58b6a8a3302369daec383334672404ee733ab239,2019-02-07 10:01:29,0x2340f78b54a455b545948202f80db3b655251b1f510c9ec9743b26a99a0b8007,0xf43b9231445a0c2e6b777499ae3fb352984a48d2,0x58b6a8a3302369daec383334672404ee733ab239,0.0,4.0,22221.0,False,incoming
0x58b6a8a3302369daec383334672404ee733ab239,2019-02-07 10:20:36,0x3569b4fb08f0fca7c8bb567e07b21ea9a16d1aa1d848da93e850b9cc5dc059a7,0x0be2af2f7fa0512dc8ccffdad7cc105a74d6d658,0x58b6a8a3302369daec383334672404ee733ab239,0.0,6.0,22285.0,False,incoming
0x58b6a8a3302369daec383334672404ee733ab239,2019-02-07 10:26:33,0xdcf74d94c001471c6f414d2167bb3a169016f4a25674a6cd454d8a9f85cc3e5d,0xca278cb118eb29f97ba640ebf5d0e9e405c4f849,0x58b6a8a3302369daec383334672404ee733ab239,0.0,10.0,45697.0,False,incoming
0x58b6a8a3302369daec383334672404ee733ab239,2019-02-07 10:38:40,0xec9ff040966558f3e99b1c664fe3ef9b7b99af4a6f5de25aac38738dd933bee5,0xdee82552a96a05b5458c6f9ececbb921968496aa,0x58b6a8a3302369daec383334672404ee733ab239,0.0,41.0,37221.0,False,incoming
0x58b6a8a3302369daec383334672404ee733ab239,2019-02-07 10:42:31,0x5d1fda3db87808c0c49df22b989aa08b3512663f7124311355d7b90220ed047e,0x4c5472116fe8fdc491428899aa7f3b2d8e631896,0x58b6a8a3302369daec383334672404ee733ab239,0.0,4.7,47169.0,False,incoming
0x58b6a8a3302369daec383334672404ee733ab239,2019-02-07 10:45:23,0xe1ba94ef68d80ec5e10582aefe4ca16541d9ac892ece204c2806e8374746419f,0xfbaf098bd23f1475339deab3c277fbd439fdd08d,0x58b6a8a3302369daec383334672404ee733ab239,0.0,16.0,45697.0,False,incoming
0x58b6a8a3302369daec383334672404ee733ab239,2019-02-07 10:55:28,0x53070be280ddf8d7d50bb9c76365cdf8d590f861e0bde6c3a2bc89dbf713b027,0x3df9d1dc50d264593534e553ab4f67fa5bd3b6dc,0x58b6a8a3302369daec383334672404ee733ab239,0.0,5.0,52285.0,False,incoming
0x58b6a8a3302369daec383334672404ee733ab239,2019-02-07 10:58:30,0xb51d4ac55a80600bae47a0bab72f794714c86074051e3159d66165c929163be5,0x51bff6f116cd1d9bffb0248a669bbd86635d92f8,0x58b6a8a3302369daec383334672404ee733ab239,0.0,3.0,45697.0,False,incoming
0x58b6a8a3302369daec383334672404ee733ab239,2019-02-07 11:09:59,0x17d9be756968e239cf8f17efacecfad8652268989f665373cdb25e96f7f9bdee,0xb03c02ad21aa77dfba24bf51aef92cbe848e7c21,0x58b6a8a3302369daec383334672404ee733ab239,0.0,7.0,22285.0,False,incoming
0x58b6a8a3302369daec383334672404ee733ab239,2019-02-07 11:13:18,0x2f52003def6666e84994954ade08cf31cf0710d6bb8ce750235915b5c8fa7e99,0xe50fc9bf06acf047923fcff9686d06c2aa27354d,0x58b6a8a3302369daec383334672404ee733ab239,0.0,4.0,37221.0,False,incoming
0x58b6a8a3302369daec383334672404ee733ab239,2019-02-07 11:20:34,0xbf9aa006dba3ed1fbedf9cb38bcaa79599f032a104e4c0e456ab2402b370210b,0xd3999a947409c6db0aee3eaaa271814a34cf43da,0x58b6a8a3302369daec383334672404ee733ab239,0.0,41.0,37285.0,False,incoming
0x58b6a8a3302369daec383334672404ee733ab239,2019-02-07 11:22:04,0x740e804ad3b0974856589b376c409928130d13df4e6a174fad6090ad40e294bf,0xda8ab3167613695beb8b5ea1300bcb7e5c5811dd,0x58b6a8a3302369daec383334672404ee733ab239,0.0,1.0,37285.0,False,incoming
0x58b6a8a3302369daec383334672404ee733ab239,2019-02-07 11:22:46,0x492ce9a511004759f811a639b98c030767af97079be69bed92a0daee10344f2e,0xda8ab3167613695beb8b5ea1300bcb7e5c5811dd,0x58b6a8a3302369daec383334672404ee733ab239,0.0,1.1,24306.0,True,incoming
0x58b6a8a3302369daec383334672404ee733ab239,2019-02-07 11:30:57,0xc89e63d7fff69477a37664397054dcdb517a073e00f0b499eed6a76aaa0e3490,0x0be2af2f7fa0512dc8ccffdad7cc105a74d6d658,0x58b6a8a3302369daec383334672404ee733ab239,0.0,6.0,22285.0,False,incoming
0x58b6a8a3302369daec383334672404ee733ab239,2019-02-07 11:31:33,0xfb4ca67aca4a4466374b843820aae68d54a4644985242c0071cfb270b9b6fc5b,0x33e17b277709cb4c45c64c7419a950296feca118,0x58b6a8a3302369daec383334672404ee733ab239,0.0,6.0,22285.0,False,incoming
0x58b6a8a3302369daec383334672404ee733ab239,2019-02-07 11:45:10,0xeecb445da9ab892473c9de20410234cc0ac0f26b7e6f71fe9c17062a51212b44,0x75e639ca2094b30b2498b83affada07bd83e6e96,0x58b6a8a3302369daec383334672404ee733ab239,0.0,21.0,52157.0,False,incoming
0x58b6a8a3302369daec383334672404ee733ab239,2019-02-07 12:01:35,0xffb9be18515a494e1d76fa7913190246a080f08f13b24a579146cabc1162f57a,0xcb87bc9d196a83737bd10c7dc471bff1b6e3c04a,0x58b6a8a3302369daec383334672404ee733ab239,0.0,41.0,37285.0,False,incoming
0x58b6a8a3302369daec383334672404ee733ab239,2019-02-07 12:05:41,0x79291b74961e9a52603e2f5a1c1a0a7b94cc0548b9f92f90b48bcdcd8a659584,0x00ff2eadbff1c7225a8c165c2375833085917cf6,0x58b6a8a3302369daec383334672404ee733ab239,0.0,5.0,37285.0,False,incoming
0x58b6a8a3302369daec383334672404ee733ab239,2019-02-07 12:15:18,0x2a90819b3b7a33287ec97110f590cc777f6f28c1471747311e50cf2d04ecc865,0x50fda747a8b5c0e076d863ffdb28f5dce917c846,0x58b6a8a3302369daec383334672404ee733ab239,0.0,16.0,45697.0,False,incoming
0x58b6a8a3302369daec383334672404ee733ab239,2019-02-07 12:21:26,0x351aee4428c5640be1131d341ed64a2dd68338c01b415e78143d7001ca962b47,0xc8c522b0a80894f98eec489efaaa735e642d9be9,0x58b6a8a3302369daec383334672404ee733ab239,0.0,7.2,22285.0,False,incoming
0x58b6a8a3302369daec383334672404ee733ab239,2019-02-07 12:33:53,0x1b596a8ec96fd11fdc1aee4d2ab3fde608f33a332d6865e7a8f20861a0f27c1b,0x83d68e28743cf8557e7b8c1f5caf1efa0f9f855c,0x58b6a8a3302369daec383334672404ee733ab239,0.0,3.5,47169.0,False,incoming
0x58b6a8a3302369daec383334672404ee733ab239,2019-02-07 12:38:37,0x8c401393caa32465d57e18647039540bbd01a01888ae67c101e9a2ae286d2d3a,0x1bef0eebecc3cc1431ef8139c6438a8ae009fe88,0x58b6a8a3302369daec383334672404ee733ab239,0.0,16.0,45697.0,False,incoming
0x58b6a8a3302369daec383334672404ee733ab239,2019-02-07 12:39:35,0x86fba3263baeea3e902f4b5bcdc066f4d783b1a5c75b747c79a3503d6e1280ae,0xd7941bb308256daabd4b62eb7147590de8a4ddfb,0x58b6a8a3302369daec383334672404ee733ab239,0.0,4.0,45569.0,False,incoming
0x58b6a8a3302369daec383334672404ee733ab239,2019-02-07 13:19:40,0xdc51cfbbd81de0b2f3db278824d7906d04b1b2808cac83f3827d714454468fee,0x84313e50b0926758ed3f23145fce7733288bd3c9,0x58b6a8a3302369daec383334672404ee733ab239,0.0,16.0,45697.0,False,incoming
0x58b6a8a3302369daec383334672404ee733ab239,2019-02-07 13:27:42,0x19df3bc572225faf8372fb125e35623f39423ae5ed8b00fee9e15c579bbeeba1,0x73b9f69ed641f4c030f528be4fb3e4087928b8da,0x58b6a8a3302369daec383334672404ee733ab239,0.0,7.2,47169.0,False,incoming
0x58b6a8a3302369daec383334672404ee733ab239,2019-02-07 13:38:25,0x55419c33c62370b5d3aff318d9c11c2a4113557f7d7068bb596c9424d81849bc,0x17ed88d51edaf2b1caaddae9a3eacee9fb948973,0x58b6a8a3302369daec383334672404ee733ab239,0.0,1.0,37285.0,False,incoming
0x58b6a8a3302369daec383334672404ee733ab239,2019-02-07 13:45:42,0xfae9fe5b0ef4a7657baf699899ec41fe9463c8095552ecdf63ae68ea862d16f0,0xeb7ab2dffca58f5440caeb64d7512bb2c8c218c5,0x58b6a8a3302369daec383334672404ee733ab239,0.0,6.0,22285.0,False,incoming
0x58b6a8a3302369daec383334672404ee733ab239,2019-02-07 14:00:37,0x20d0b0a3c6908218cd1f168e7eee751d9378a75abd1e5c2cd93cd200368a55ed,0x158806f2a23afd3114ba4a3d2bc6e0dd7305fa7d,0x58b6a8a3302369daec383334672404ee733ab239,0.0,1.0,37285.0,False,incoming
0x58b6a8a3302369daec383334672404ee733ab239,2019-02-07 14:12:35,0x4585b9563498894e6de2ce8bcce52c839958c9e50083af08cca737f04f91f45a,0xe50fc9bf06acf047923fcff9686d06c2aa27354d,0x58b6a8a3302369daec383334672404ee733ab239,0.0,4.0,37221.0,False,incoming
0x58b6a8a3302369daec383334672404ee733ab239,2019-02-07 14:30:52,0x05ec7ecee830b828269e29478fa98c73ebc507ee167eaf020d8ebd84832fabab,0x0be2af2f7fa0512dc8ccffdad7cc105a74d6d658,0x58b6a8a3302369daec383334672404ee733ab239,0.0,4.5,22285.0,False,incoming
0x58b6a8a3302369daec383334672404ee733ab239,2019-02-07 14:34:09,0xdfef126ffd05f167ea2b37e53f241bebb38c0953f2a4ac4599b08b1f09d3238e,0x83d68e28743cf8557e7b8c1f5caf1efa0f9f855c,0x58b6a8a3302369daec383334672404ee733ab239,0.0,5.0,22285.0,False,incoming
0x58b6a8a3302369daec383334672404ee733ab239,2019-02-07 14:39:22,0xe57374d658219f80780e006f7aec91bd15ee40e0707b7c47c5e8ea2eed97c6d6,0x2e23b9bff440f9d62cc79d97ba8e2b3e6653af09,0x58b6a8a3302369daec383334672404ee733ab239,0.0,8.4,22285.0,False,incoming
0x58b6a8a3302369daec383334672404ee733ab239,2019-02-07 15:12:15,0x6eb109f1956729c16786ba4f09132f9071383e87ecc895db143527225d6ac0b4,0xef66e3550569b1e22116cf6c315c40d86d373211,0x58b6a8a3302369daec383334672404ee733ab239,0.0,8.0,45505.0,False,incoming
0x58b6a8a3302369daec383334672404ee733ab239,2019-02-07 15:14:27,0x638970dc4bf66d8dac805c2cf21846e55f159290e15b2451a0d38eca4d1bbff2,0xd5811c014ce871d3fc17409f6e71dca6ef270a1a,0x58b6a8a3302369daec383334672404ee733ab239,0.0,15.0,45633.0,False,incoming
0x58b6a8a3302369daec383334672404ee733ab239,2019-02-07 15:16:10,0xab6dd067c75fbda8b6fa0a0fafb01db8293c8a07d155ab0fc78cd2e4f57e4242,0x47d77a65f190b70da77117aee2a2abe782b9f6ff,0x58b6a8a3302369daec383334672404ee733ab239,0.0,41.0,22285.0,False,incoming
0x58b6a8a3302369daec383334672404ee733ab239,2019-02-07 15:21:02,0x4d4d423794230dba02553389f2c51c1b151641be6b1448644949db9d2058be82,0x9dd7a0b67cc8f55769896db7ca154379575ec3c5,0x58b6a8a3302369daec383334672404ee733ab239,0.0,41.0,37285.0,False,incoming
0x58b6a8a3302369daec383334672404ee733ab239,2019-02-07 15:21:02,0x6c585c25f1dee72925a80e9d85ec138551e43aad709431d3b180579556a247b1,0x008c277294a123b73fd09b7151edb89e0f7f9637,0x58b6a8a3302369daec383334672404ee733ab239,0.0,9.0,22285.0,False,incoming
0x58b6a8a3302369daec383334672404ee733ab239,2019-02-07 15:21:23,0x48c8533f59bc15307b55a58b83b322bd438c8070bb02cf2758046d63a6a1898f,0x78af79f5766b54c48a337c469ecbbfb2a8bb91d4,0x58b6a8a3302369daec383334672404ee733ab239,0.0,41.0,52221.0,False,incoming
0x58b6a8a3302369daec383334672404ee733ab239,2019-02-07 15:21:44,0x6809608273cbdcd2bc1e8888fba642132f849142806a24bcd16f6ecbaa2e04d6,0x798af8f78e372eab22f681f80abffe1fb7b1baf9,0x58b6a8a3302369daec383334672404ee733ab239,0.0,41.0,22285.0,False,incoming
0x58b6a8a3302369daec383334672404ee733ab239,2019-02-07 15:21:44,0x1f2ff0665b7d4f57e11b4e4eb42f39a0f0b99e0ae38554d02beaff73bd0f5903,0x8f14d1e9a5cba186d91b96465d0844864d737ca8,0x58b6a8a3302369daec383334672404ee733ab239,0.0,9.0,22285.0,False,incoming
0x58b6a8a3302369daec383334672404ee733ab239,2019-02-07 15:22:45,0x02f63b6502cf3d785b6f61e4d32609174eb0417d971fa25edb40730cd356148b,0xa24e8d7fc8e1c0708fd56f86f6f0bc4e36b40531,0x58b6a8a3302369daec383334672404ee733ab239,0.0,9.0,22285.0,False,incoming
0x58b6a8a3302369daec383334672404ee733ab239,2019-02-07 15:23:23,0x3c5b4ba6021bda07b4cf1bd947101f8363c62facd59922f5e55f284c1c9f30ae,0x16c8e40fc8bc1c615ea0e5a77ba3e42e26d34584,0x58b6a8a3302369daec383334672404ee733ab239,0.0,9.0,22285.0,False,incoming
0x58b6a8a3302369daec383334672404ee733ab239,2019-02-07 15:23:43,0x14c932502ee4f5b50bbfcb33e98e3336ab63280551950b59bb2d360d349741e0,0x08280a99b3d033ec6d3bea6b5668b3752d41a047,0x58b6a8a3302369daec383334672404ee733ab239,0.0,16.0,45697.0,False,incoming
0x58b6a8a3302369daec383334672404ee733ab239,2019-02-07 15:24:34,0xc6258c59dce0d903c769f58c4ba09f6370262188e97b79d525227e8364009103,0x5d023bee31ccd17a7981e83352b95a1c2fa0aab2,0x58b6a8a3302369daec383334672404ee733ab239,0.0,9.0,22285.0,False,incoming
0x58b6a8a3302369daec383334672404ee733ab239,2019-02-07 15:24:38,0xbc4acfcb9c23a859b3dfa720a89b19399a4d79fbb0c41ac385e3d4aed8be038e,0x8c34092e0976b8f9aad3fd122c459a44de5b8f11,0x58b6a8a3302369daec383334672404ee733ab239,0.0,16.0,45697.0,False,incoming
0x58b6a8a3302369daec383334672404ee733ab239,2019-02-07 15:24:59,0x5ff2bc7cbb94a32ee4469d3c6c0e4605ec5ec75847b8b4480e72ff4f596d671a,0xa03d20debe35d31e134bc33772506622fa08bb96,0x58b6a8a3302369daec383334672404ee733ab239,0.0,9.0,22285.0,False,incoming
0x58b6a8a3302369daec383334672404ee733ab239,2019-02-07 15:25:34,0xe170a2ba07894205a36e10c2b18108088b9646453a42747387f28feae0cb2786,0x20f9b647eaea4b6e2d4857b5d6f3f4d01ec8ae6e,0x58b6a8a3302369daec383334672404ee733ab239,0.0,9.0,22285.0,False,incoming
0x58b6a8a3302369daec383334672404ee733ab239,2019-02-07 15:26:24,0xd55916d0ca18bfc9f18d00c9d844017ccdab30e177b06a62587b444368dfde5c,0xf19c36504d6945dd04f9c483e3be9209d52ad7ff,0x58b6a8a3302369daec383334672404ee733ab239,0.0,9.0,22285.0,False,incoming
0x58b6a8a3302369daec383334672404ee733ab239,2019-02-07 15:27:05,0x3e7efff2fc684c9b7bbd955c23e9fe6bf36c52686c632601b7550f72dbf45b4f,0xe112ce5ef1f92a5eb98b38fc68ac401709c8566b,0x58b6a8a3302369daec383334672404ee733ab239,0.0,9.0,22285.0,False,incoming
0x58b6a8a3302369daec383334672404ee733ab239,2019-02-07 15:27:37,0xdcbdfe6ab133852329619ec781699f5507bceeb32eee2d8e4209bd0b7bc89183,0x9a21063b5763bacb37a45e05621df3deef256b0a,0x58b6a8a3302369daec383334672404ee733ab239,0.0,9.0,22285.0,False,incoming
0x58b6a8a3302369daec383334672404ee733ab239,2019-02-07 15:28:43,0x7d3e5a9eafc0c147cff74693a721cee35a3cc76e11590deb93767bdf3f50ed77,0x2da27b5fec8e70f92d49944cb361079005d98ee9,0x58b6a8a3302369daec383334672404ee733ab239,0.0,41.0,37221.0,False,incoming
0x58b6a8a3302369daec383334672404ee733ab239,2019-02-07 15:29:48,0xdd28bdffb210c4ddc2dd3daa9fd6aa026531ba012575850e591e43b06372e506,0x8657f6f0e66fbdca18b35b71bf6efb85d292c5fd,0x58b6a8a3302369daec383334672404ee733ab239,0.0,9.0,22285.0,False,incoming
0x58b6a8a3302369daec383334672404ee733ab239,2019-02-07 15:30:28,0xd365bd812e239b003c5e4c6a5adf0dff61ef6ad293cdfb4a7bc0a0033cb6ff6c,0xb4f9112cfa5feb31fc2dd025509ade7e395cd08a,0x58b6a8a3302369daec383334672404ee733ab239,0.0,9.0,22285.0,False,incoming
0x58b6a8a3302369daec383334672404ee733ab239,2019-02-07 15:30:50,0x12c1a1838292e388f039e6bcefebc8d54fa6830887c97c10a3073200cb2bfd8b,0x02ccf0e1d01dcad5655eef408cf9e3d6bc2dce5b,0x58b6a8a3302369daec383334672404ee733ab239,0.0,9.0,22285.0,False,incoming
0x58b6a8a3302369daec383334672404ee733ab239,2019-02-07 15:30:50,0x719f7b3c750e082d07da11f1dbbf9e4a389c273878752a94d9206e4def2d2267,0xc5a056c3fdc867ed62043bd002f2bdcb2e91f062,0x58b6a8a3302369daec383334672404ee733ab239,0.0,7.0,37285.0,False,incoming
0x58b6a8a3302369daec383334672404ee733ab239,2019-02-07 15:31:45,0x58f70b5c6f99c3cda50ec59f7f20d9e2347929a6645c188e6580ac4af8361cfe,0x94623f9864b765ecd70877de0c28a90e12f9b175,0x58b6a8a3302369daec383334672404ee733ab239,0.0,9.0,22285.0,False,incoming
0x58b6a8a3302369daec383334672404ee733ab239,2019-02-07 15:32:33,0x419d4ca21544e595969ba228d70ba7e80c5ee74c19514bba32c2f37c7ec94fda,0x830ea340abc91167de0a09226e550ad178cb3c0c,0x58b6a8a3302369daec383334672404ee733ab239,0.0,9.0,22285.0,False,incoming
0x58b6a8a3302369daec383334672404ee733ab239,2019-02-07 15:33:11,0xcd5164d26529627c354230d6ca2de20d9f8c89dc4556d90d1b7bace3947bb1e5,0x1cbf2a0fdeee0e6c677ab9b6dc5e2526dccb6060,0x58b6a8a3302369daec383334672404ee733ab239,0.0,9.0,22285.0,False,incoming
0x58b6a8a3302369daec383334672404ee733ab239,2019-02-07 15:34:19,0x93a3110ce3b5aed81cacc6ec8bfd978f26a5bbad66943d6545a5341ec5f54f9d,0xe747b09c90d4757ca8ff9610edaedd42faeac9e2,0x58b6a8a3302369daec383334672404ee733ab239,0.0,9.0,22285.0,False,incoming
0x58b6a8a3302369daec383334672404ee733ab239,2019-02-07 15:34:19,0xb3b5063dd71c81a1450a15c1b1896e71bbf60af0b54704aaa61b78a29abc058b,0x8969d0499c27bd8f116b3b681670e21207f331a1,0x58b6a8a3302369daec383334672404ee733ab239,0.0,9.0,22285.0,False,incoming
0x58b6a8a3302369daec383334672404ee733ab239,2019-02-07 15:35:27,0xaa620ba762a6940af9d469d9c41991f9d381feaa4b5693fc5d10b52ba8f74ddc,0x98558a5dc79a5368fc37c415af36d28080a3b40a,0x58b6a8a3302369daec383334672404ee733ab239,0.0,9.0,22285.0,False,incoming
0x58b6a8a3302369daec383334672404ee733ab239,2019-02-07 15:35:38,0xcb299920d173dcf90ff998560bc1b6256a6234f883ff99efafd14f949cf4c574,0x520299c64ecbdbae4464f7ab36d723c369840d69,0x58b6a8a3302369daec383334672404ee733ab239,0.0,9.0,22285.0,False,incoming
0x58b6a8a3302369daec383334672404ee733ab239,2019-02-07 15:36:16,0x25d844304612195a51bf68e9a1efc8f818d95c30e45b634d76a6c2efab2cb97a,0xc425284c4c11de68437e4e7284e73747378da325,0x58b6a8a3302369daec383334672404ee733ab239,0.0,9.0,22285.0,False,incoming
0x58b6a8a3302369daec383334672404ee733ab239,2019-02-07 15:36:16,0x2415c722e665af1e6c64b632ea334293f3f0d9b545073933d5b7d6b3d1569e30,0x8ca83440952184a8658bf322b30cf782b66cbfa1,0x58b6a8a3302369daec383334672404ee733ab239,0.0,9.0,22285.0,False,incoming
0x58b6a8a3302369daec383334672404ee733ab239,2019-02-07 15:37:31,0xdba3a9f8293db11a081917f6dea53cde17670a0558ac7454b84cb2b3ca2b62a7,0x76e76fdbe8ba847667d8df2fb7df2b918ddb9ddd,0x58b6a8a3302369daec383334672404ee733ab239,0.0,9.0,22285.0,False,incoming
0x58b6a8a3302369daec383334672404ee733ab239,2019-02-07 15:38:26,0x0f0b3186e108290c97222b7bc111ec76ebf2b6dea7b98fac41ae6ff4e4eb981c,0xb492c7652e306a6241c048e27f67617be72f4d54,0x58b6a8a3302369daec383334672404ee733ab239,0.0,8.0,45697.0,False,incoming
0x58b6a8a3302369daec383334672404ee733ab239,2019-02-07 15:40:33,0xe3ef295838f0c814d6a8a53154611316a9cb4198cd007d4880af7d0b87f716e8,0x3db9675b6e753fbe5128b816dfb6300c35ee9821,0x58b6a8a3302369daec383334672404ee733ab239,0.0,9.0,22285.0,False,incoming
0x58b6a8a3302369daec383334672404ee733ab239,2019-02-07 15:41:05,0xd3444ac4697cd3493d37a4f304cde79b5bf9f8b9e61ed3c73381bacae1523759,0x793f877631cbfe1082119df4e856e92a118b32e4,0x58b6a8a3302369daec383334672404ee733ab239,0.0,9.0,22221.0,False,incoming
0x58b6a8a3302369daec383334672404ee733ab239,2019-02-07 15:41:40,0xfd1b1a8a3d7e7529bbeb95b29eb0669c90ba5bb351e9269746966f0358744b01,0xbef40a8d94b834fb3b17937214e5a7331373520f,0x58b6a8a3302369daec383334672404ee733ab239,0.0,9.0,22285.0,False,incoming
0x58b6a8a3302369daec383334672404ee733ab239,2019-02-07 15:42:00,0x51ddba392fe97648d56a814035b0c16b086f332d49e2e771b0c25f9eab591380,0xbedf8953d32d193a39bd6ebc6358c426a60d97ba,0x58b6a8a3302369daec383334672404ee733ab239,0.0,9.0,22285.0,False,incoming
0x58b6a8a3302369daec383334672404ee733ab239,2019-02-07 15:42:53,0xd7994ef179f20024400f4c88c01847c358ca744869553982ab079c731ced10d6,0x3359bedd1b7ec82f493173f5d64c8d856904c178,0x58b6a8a3302369daec383334672404ee733ab239,0.0,9.0,22285.0,False,incoming
0x58b6a8a3302369daec383334672404ee733ab239,2019-02-07 15:43:42,0x20a4cb298317c94da069339f7e35c6f3503d7096ddc25551a286cf742b56e130,0xe50fc9bf06acf047923fcff9686d06c2aa27354d,0x58b6a8a3302369daec383334672404ee733ab239,0.0,4.0,37221.0,False,incoming
0x58b6a8a3302369daec383334672404ee733ab239,2019-02-07 15:44:15,0x3db04a9b5e793620cf81037084d830454a65089488bf90728a480b1484b0ced1,0x619c3284365e763f931529f5db12f867ad12de30,0x58b6a8a3302369daec383334672404ee733ab239,0.0,41.0,52221.0,False,incoming
0x58b6a8a3302369daec383334672404ee733ab239,2019-02-07 15:45:08,0x64c1b92feadc7a2f849709311c6ba3fd33597795aea8d292701c6b59a4e09722,0xe7da615f2002ddaaed4db9bcf5b12f7a2fcf326a,0x58b6a8a3302369daec383334672404ee733ab239,0.0,9.0,22285.0,False,incoming
0x58b6a8a3302369daec383334672404ee733ab239,2019-02-07 15:48:20,0x96412a3d3064e28159f4778f04e88726875cc1f51f7141b529e028eb9a6373e8,0x49fb5aec401bba3a28c8e0e4938ec30494685d24,0x58b6a8a3302369daec383334672404ee733ab239,0.0,41.0,37221.0,False,incoming
0x58b6a8a3302369daec383334672404ee733ab239,2019-02-07 15:52:19,0xc9f03ee04ede62757da8af0534042809ae94f06d8b9f496da3be44b587e83f22,0x0be2af2f7fa0512dc8ccffdad7cc105a74d6d658,0x58b6a8a3302369daec383334672404ee733ab239,0.0,6.0,22285.0,False,incoming
0x58b6a8a3302369daec383334672404ee733ab239,2019-02-07 15:58:47,0x1cb331c4bf7c08077a387a9292626be1a2964ea4481866df866d96db6c9a4b4e,0xd07eca566f0ef0e430270888dfc1b81ff14952fe,0x58b6a8a3302369daec383334672404ee733ab239,0.0,2.6,47169.0,False,incoming
0x58b6a8a3302369daec383334672404ee733ab239,2019-02-07 16:10:22,0x9416e42535c95bc4a82f497d03f809d2f3b5f9651dbc0dfdead1aa15ca4a4329,0x3479e42fe43972bd5deff4b0a57878ae32fcbb8f,0x58b6a8a3302369daec383334672404ee733ab239,0.0,9.0,22285.0,False,incoming
0x58b6a8a3302369daec383334672404ee733ab239,2019-02-07 16:10:44,0x5a7b817c07635ecca695611df3e08fbc65ea8c9021e748540738dfb4197e61ce,0xccf0be871133567d4859b0492975fc80fe6f14c9,0x58b6a8a3302369daec383334672404ee733ab239,0.0,9.0,22285.0,False,incoming
0x58b6a8a3302369daec383334672404ee733ab239,2019-02-07 16:11:37,0x147194334f494a3c8065b4622774de0887c573eef13d4902469d940a2d6e7dbd,0x2b17fe4543d68fd6ca79ecf22d6df5e0f2d29cd2,0x58b6a8a3302369daec383334672404ee733ab239,0.0,9.0,22285.0,False,incoming
0x58b6a8a3302369daec383334672404ee733ab239,2019-02-07 16:11:37,0x533d82f688d956b067877aa13f97805c29bbea9c179abe037c8607f77ea25d91,0xfa4816193e59d24ea74bf366ab3eac1818760114,0x58b6a8a3302369daec383334672404ee733ab239,0.0,9.0,22285.0,False,incoming
0x58b6a8a3302369daec383334672404ee733ab239,2019-02-07 16:12:46,0xf462b2f7a0ef49c995d65ee87a1bef56fd46bda21296d90eee111106e11ee44d,0xf9b2e33178969a3d5ed1376234a9c0575aa529cd,0x58b6a8a3302369daec383334672404ee733ab239,0.0,9.0,22285.0,False,incoming
0x58b6a8a3302369daec383334672404ee733ab239,2019-02-07 16:13:17,0x6b0fccb84b4f0475e1598bc33dc7f0bdac276e814bf4535eaf4343a438d823f9,0xdcfe62c00c12795137b9f19602bb845b0ca49212,0x58b6a8a3302369daec383334672404ee733ab239,0.0,16.0,45697.0,False,incoming
0x58b6a8a3302369daec383334672404ee733ab239,2019-02-07 16:13:42,0xe90de95c4121bd0038ef0174fa4bed9fa2d97470d0eb953ea2c16a70adabe4b5,0x6b8425f344f92d8ae1c91b4594fdd6e135587aa3,0x58b6a8a3302369daec383334672404ee733ab239,0.0,9.0,22285.0,False,incoming
0x58b6a8a3302369daec383334672404ee733ab239,2019-02-07 16:14:21,0xae21e33796fb4ce8fca8351c8931dd9f9aa4767fd0baed843f614652300b13d8,0xe29b4258599ff96c06c32280bd9c4345ef088176,0x58b6a8a3302369daec383334672404ee733ab239,0.0,9.0,22285.0,False,incoming
0x58b6a8a3302369daec383334672404ee733ab239,2019-02-07 16:14:48,0x12453d1d6103eebf7ef75a9d4d05853c96f3a697a076be3f1727b5e8af92e473,0x77fe34fc9d7a563b367b461ed4e93f8ed1829406,0x58b6a8a3302369daec383334672404ee733ab239,0.0,9.0,22285.0,False,incoming
0x58b6a8a3302369daec383334672404ee733ab239,2019-02-07 16:15:29,0xa2d9d4624ce95111fba61ffed0c377bc8c5f8ff314cd7ffa679e0fce81ed8388,0x020745af6848fbc8abf317b60153af1d143b358d,0x58b6a8a3302369daec383334672404ee733ab239,0.0,9.0,22285.0,False,incoming
0x58b6a8a3302369daec383334672404ee733ab239,2019-02-07 16:15:38,0x82e2c098aa2d13956245b16681e1d39a86e6703ef381bb34a8a841de0d01fc5a,0x7772b494154d9a2c20facd3795f6d01781b76f44,0x58b6a8a3302369daec383334672404ee733ab239,0.0,9.0,22285.0,False,incoming
0x58b6a8a3302369daec383334672404ee733ab239,2019-02-07 16:16:04,0xf904833b96c8ec984b17f09dfce64793a5a8d5cb45e4fe7cbea9f7000d82b934,0x7ceca910f2a7e2fbccd16cb40879bbc10ea6111d,0x58b6a8a3302369daec383334672404ee733ab239,0.0,9.0,22285.0,False,incoming
0x58b6a8a3302369daec383334672404ee733ab239,2019-02-07 16:17:28,0x26f2e1d95fb92f45d2e5e655a31dd1ec63803749246357f82e454e11efbde701,0x2b16d4b7d36c9fa1c9192221410da67880da02f7,0x58b6a8a3302369daec383334672404ee733ab239,0.0,9.0,22285.0,False,incoming
0x58b6a8a3302369daec383334672404ee733ab239,2019-02-07 16:17:28,0x103b2329f7b1bdc46a94fc847c855499477d22c2c2eb850f7c5fd9db42cbb0a2,0x4b99a71e700405d7754d6b583ae96d0e7dbf9c7f,0x58b6a8a3302369daec383334672404ee733ab239,0.0,9.0,22285.0,False,incoming
0x58b6a8a3302369daec383334672404ee733ab239,2019-02-07 16:18:04,0x0721854e3f07d3702ea2dcc800bf7a2907f7793206222246582365b55914559f,0x2405761c3367ac1812397194f7f4b4ac02827127,0x58b6a8a3302369daec383334672404ee733ab239,0.0,9.0,22285.0,False,incoming
0x58b6a8a3302369daec383334672404ee733ab239,2019-02-07 16:19:07,0xaf46ca4d52d90433086317d0393277f62dc7239542cb8cbff41f91252b37da20,0x9b56629dc30197b916f9233caf0fae24eb0d66d4,0x58b6a8a3302369daec383334672404ee733ab239,0.0,9.0,22285.0,False,incoming
0x58b6a8a3302369daec383334672404ee733ab239,2019-02-07 16:19:12,0xc36e30c3ab84bf4c8ce14487266f64e7b514d8d17fd4a7305e301dc804044967,0x663d29a0e0636c228e16a14bc11440c89f1ca83c,0x58b6a8a3302369daec383334672404ee733ab239,0.0,9.0,22285.0,False,incoming
0x58b6a8a3302369daec383334672404ee733ab239,2019-02-07 16:19:37,0xe4f765a394a9863c32c9518ff2a130217d51be619c43b8b88fc8ad0877f14431,0x5879b05c92f8791a8131c9b3d06afdfc286d8666,0x58b6a8a3302369daec383334672404ee733ab239,0.0,9.0,22285.0,False,incoming
0x58b6a8a3302369daec383334672404ee733ab239,2019-02-07 16:20:04,0x187bd28a6d8e9b285f46cf8667e1912d66b30021af18f87a29fbb27d1a2be00b,0xb7cdf5517643e743a1205af3a558a23c9b153c90,0x58b6a8a3302369daec383334672404ee733ab239,0.0,9.0,22285.0,False,incoming
0x58b6a8a3302369daec383334672404ee733ab239,2019-02-07 16:21:12,0xe1b495d52a1b409bd2cd606c70e49dad1feca62e2dcd53c13fe264058f308b9f,0xae6d6d82024807602292650c6247f98f6e1f8428,0x58b6a8a3302369daec383334672404ee733ab239,0.0,9.0,22285.0,False,incoming
0x58b6a8a3302369daec383334672404ee733ab239,2019-02-07 16:21:35,0xc6f19cdf21a66aff50ed4f5881e1d85c155859c34c645967684b8672afdcda88,0x060f44a838866e79c1cc2083ae332dd933eb7fbe,0x58b6a8a3302369daec383334672404ee733ab239,0.0,9.0,22285.0,False,incoming
0x58b6a8a3302369daec383334672404ee733ab239,2019-02-07 16:22:04,0x3024ae420e024318961d93ad0bd3d6cf2378d7cfb8a93c3682b83d715a2d2fe5,0x57e2e9ea2a13bc52771b4e1cbe0f2c85d959f505,0x58b6a8a3302369daec383334672404ee733ab239,0.0,9.0,22285.0,False,incoming
0x58b6a8a3302369daec383334672404ee733ab239,2019-02-07 16:23:03,0xf8b35cc22a528b6784f1ac249c8775bae5866adef2d7588abb62af146ff4db63,0xd5cde6eb26ebe98fd9d6135d098ff5b7df372413,0x58b6a8a3302369daec383334672404ee733ab239,0.0,9.0,22285.0,False,incoming
0x58b6a8a3302369daec383334672404ee733ab239,2019-02-07 16:24:04,0xb2ec3b9c2b1d1b2cf397aac17e1c1dde2db64fa6360022fe36cefe8cc2e2f399,0x0ceeb0493d7f301a8460dedf2b27b7fb88778bff,0x58b6a8a3302369daec383334672404ee733ab239,0.0,9.0,22285.0,False,incoming
0x58b6a8a3302369daec383334672404ee733ab239,2019-02-07 16:24:27,0x74c6a9982b392f5421792605387e7f767d5ba58dc831b930fdc0d8226c8fa632,0x18145acd39583dcc631fb46dfd6f6bcec93bd896,0x58b6a8a3302369daec383334672404ee733ab239,0.0,9.0,22285.0,False,incoming
0x58b6a8a3302369daec383334672404ee733ab239,2019-02-07 16:25:00,0x7a374089a12a79a47f8e82d83973e49430b84dbb5645c877dd91866cb9f129e6,0x1af66a44fd9aff4e99ab0319663dc4f92aeab8f9,0x58b6a8a3302369daec383334672404ee733ab239,0.0,9.0,22285.0,False,incoming
0x58b6a8a3302369daec383334672404ee733ab239,2019-02-07 16:25:45,0x60fe9349b41692944a98e6483b552065df7259af37a696d42c1a23866c339c10,0xfd7f74455defbb9b29e2495e38ac5c43c2900b1f,0x58b6a8a3302369daec383334672404ee733ab239,0.0,9.0,22285.0,False,incoming
0x58b6a8a3302369daec383334672404ee733ab239,2019-02-07 16:25:45,0x0339af9a3e8c2f3418bb6aa5f9c8727ea5af0af0eb2aeeb08c72e2e1d9d06660,0xfee962b26dc634d3c9e237779655e699b850f29b,0x58b6a8a3302369daec383334672404ee733ab239,0.0,9.0,22285.0,False,incoming
0x58b6a8a3302369daec383334672404ee733ab239,2019-02-07 16:26:56,0x7d2e96d20c9a3d563982c8b7acb1924e98bea4a91dd45c60f6e00254e0db94fe,0x79fcfb3853bf2ac78a97ef66e8c7c4994ee43bdf,0x58b6a8a3302369daec383334672404ee733ab239,0.0,9.0,22285.0,False,incoming
